"OPPO A96 (Sunset Blue, 8GB RAM, 128 Storage) with No Cost EMI/Additional Exchange Offers","1,799"
"OPPO A76 (Glowing Black, 6GB RAM, 128 Storage) with No Cost EMI/Additional Exchange Offers",999
"OPPO A31 (Fantasy White, 6GB RAM, 128GB Storage) with No Cost EMI/Additional Exchange Offers","1,299"
"Samsung Galaxy M12 (Blue,4GB RAM, 64GB Storage) 6000 mAh with 8nm Processor | True 48 MP Quad Camera | 90Hz Refresh Rate","19,999"
"Redmi 9 (Sky Blue, 4GB RAM, 64GB Storage) | 2.3GHz Mediatek Helio G35 Octa core Processor","17,499"
"Redmi Note 11 (Starburst White, 6GB RAM, 128GB Storage)|90Hz FHD+ AMOLED Display | Qualcomm® Snapdragon™ 680-6nm | Alexa Built-in | 33W Charger Included","12,990"
"OPPO A31 (Mystery Black, 6GB RAM, 128GB Storage) with No Cost EMI/Additional Exchange Offers","10,499"
Redmi Note 11T 5G (Matte Black 6GB RAM 128GB ROM) | Dimensity 810 5G | 33W Pro Fast Charging | Charger Included,"9,499"
"Samsung Galaxy M12 (Black,4GB RAM, 64GB Storage) 6000 mAh with 8nm Processor | True 48 MP Quad Camera | 90Hz Refresh Rate","15,999"
"Redmi Note 10S (Shadow Black, 6GB RAM, 64GB Storage) - Super Amoled Display | 64 MP Quad Camera","12,990"
"Redmi Note 11 (Horizon Blue, 6GB RAM, 128GB Storage)|90Hz FHD+ AMOLED Display | Qualcomm® Snapdragon™ 680-6nm | Alexa Built-in | 33W Charger Included","16,999"
"OPPO A15s (Dynamic Black, 4GB, 128GB Storage) AI Triple Camera | 6.52"" HD+ Screen | 2.3GHz Mediatek Helio P35 Octa Core Processor","10,499"
Redmi 10 Prime (Bifrost Blue 4GB RAM 64GB ROM |Helio G88 with extendable RAM Upto 2GB |FHD+ 90Hz Adaptive Sync Display),"13,999"
"OPPO A74 5G (Fantastic Purple,6GB RAM,128GB Storage) with No Cost EMI/Additional Exchange Offers","15,999"
"Redmi 9 Activ (Coral Green, 4GB RAM, 64GB Storage)","10,990"
"Redmi 9 Activ (Metallic Purple, 6GB RAM, 128GB Storage)","12,499"
"realme narzo 30 5G (Racing Blue, 6GB RAM, 128GB Storage) with No Cost EMI/Additional Exchange Offers","16,990"
"OPPO A74 5G (Fluid Black, 6GB RAM, 128GB Storage) with No Cost EMI/Additional Exchange Offers","9,499"
"Redmi Note 11 (Space Black, 6GB RAM, 64GB Storage) | 90Hz FHD+ AMOLED Display | Qualcomm® Snapdragon™ 680-6nm | Alexa Built-in | 33W Charger Included","11,499"
Redmi Note 11T 5G (Aquamarine Blue 6GB RAM 128GB ROM) | Dimensity 810 5G | 33W Pro Fast Charging | Charger Included,"16,999"
"Oppo A54 (Starry Blue, 4GB RAM, 64GB Storage) with No Cost EMI & Additional Exchange Offers","16,990"
"I KALL Z5 Smartphone (5.5 Inch, 2GB, 16GB) (4G Volte) (Green)","13,999"
"OPPO A96 (Sunset Blue, 8GB RAM, 128 Storage) with No Cost EMI/Additional Exchange Offers","1,799"
"OPPO A76 (Glowing Black, 6GB RAM, 128 Storage) with No Cost EMI/Additional Exchange Offers",999
"OPPO A31 (Fantasy White, 6GB RAM, 128GB Storage) with No Cost EMI/Additional Exchange Offers","1,299"
"Samsung Galaxy M12 (Blue,4GB RAM, 64GB Storage) 6000 mAh with 8nm Processor | True 48 MP Quad Camera | 90Hz Refresh Rate","19,999"
"Redmi 9 (Sky Blue, 4GB RAM, 64GB Storage) | 2.3GHz Mediatek Helio G35 Octa core Processor","17,499"
"Redmi Note 11 (Starburst White, 6GB RAM, 128GB Storage)|90Hz FHD+ AMOLED Display | Qualcomm® Snapdragon™ 680-6nm | Alexa Built-in | 33W Charger Included","12,990"
"OPPO A31 (Mystery Black, 6GB RAM, 128GB Storage) with No Cost EMI/Additional Exchange Offers","10,499"
Redmi Note 11T 5G (Matte Black 6GB RAM 128GB ROM) | Dimensity 810 5G | 33W Pro Fast Charging | Charger Included,"9,499"
"Samsung Galaxy M12 (Black,4GB RAM, 64GB Storage) 6000 mAh with 8nm Processor | True 48 MP Quad Camera | 90Hz Refresh Rate","15,999"
"Redmi Note 10S (Shadow Black, 6GB RAM, 64GB Storage) - Super Amoled Display | 64 MP Quad Camera","12,990"
"Redmi Note 11 (Horizon Blue, 6GB RAM, 128GB Storage)|90Hz FHD+ AMOLED Display | Qualcomm® Snapdragon™ 680-6nm | Alexa Built-in | 33W Charger Included","16,999"
"OPPO A15s (Dynamic Black, 4GB, 128GB Storage) AI Triple Camera | 6.52"" HD+ Screen | 2.3GHz Mediatek Helio P35 Octa Core Processor","10,499"
Redmi 10 Prime (Bifrost Blue 4GB RAM 64GB ROM |Helio G88 with extendable RAM Upto 2GB |FHD+ 90Hz Adaptive Sync Display),"13,999"
"OPPO A74 5G (Fantastic Purple,6GB RAM,128GB Storage) with No Cost EMI/Additional Exchange Offers","15,999"
"Redmi 9 Activ (Coral Green, 4GB RAM, 64GB Storage)","10,990"
"Redmi 9 Activ (Metallic Purple, 6GB RAM, 128GB Storage)","12,499"
"realme narzo 30 5G (Racing Blue, 6GB RAM, 128GB Storage) with No Cost EMI/Additional Exchange Offers","16,990"
"OPPO A74 5G (Fluid Black, 6GB RAM, 128GB Storage) with No Cost EMI/Additional Exchange Offers","9,499"
"Redmi Note 11 (Space Black, 6GB RAM, 64GB Storage) | 90Hz FHD+ AMOLED Display | Qualcomm® Snapdragon™ 680-6nm | Alexa Built-in | 33W Charger Included","11,499"
Redmi Note 11T 5G (Aquamarine Blue 6GB RAM 128GB ROM) | Dimensity 810 5G | 33W Pro Fast Charging | Charger Included,"16,999"
"Oppo A54 (Starry Blue, 4GB RAM, 64GB Storage) with No Cost EMI & Additional Exchange Offers","16,990"
"I KALL Z5 Smartphone (5.5 Inch, 2GB, 16GB) (4G Volte) (Green)","13,999"
"Redmi Note 11 (Space Black, 6GB RAM, 128GB Storage)|90Hz FHD+ AMOLED Display | Qualcomm® Snapdragon™ 680-6nm | Alexa Built-in | 33W Charger Included","15,999"
"OPPO A96 (Starry Black, 8GB RAM, 128 Storage) with No Cost EMI/Additional Exchange Offers","19,999"
"Redmi Note 10T 5G (Mint Green, 4GB RAM, 64GB Storage) | Dual5G | 90Hz Adaptive Refresh Rate | MediaTek Dimensity 700 7nm Processor | 22.5W Charger Included","13,999"
Redmi 9A(Midnight Black 3GB RAM 32GB Storage) | 2GHz Octa-core Helio G25 Processor | 5000 mAh Battery,"8,299"
"OPPO A15s (Rainbow Silver, 4GB RAM, 64GB Storage) With No Cost EMI/Additional Exchange Offers","9,990"
"Jio Phone Next 32 GB ROM, 2 GB RAM, Blue Smartphone","5,630"
Redmi Note 11T 5G (Stardust White 8GB RAM 128GB ROM) | Dimensity 810 5G | 33W Pro Fast Charging | Charger Included,"18,999"
"Samsung Galaxy M33 5G (Deep Ocean Blue, 6GB, 128GB Storage) | Travel Adapter to be Purchased Separately","17,999"
Redmi 10 Prime (Phantom Black 6GB RAM 128GB ROM |Helio G88 with extendable RAM Upto 2GB |FHD+ 90Hz Adaptive Sync Display),"14,499"
"Jio Phone Next 32 GB, 2 GB RAM, Blue Smartphone","5,345"
"OPPO A15s (Dynamic Black, 4GB RAM, 64GB Storage) With No Cost EMI/Additional Exchange Offers","9,990"
"Lava Z3 Striped Cyan(3GB RAM, 32GB Storage)","7,499"
"Samsung Galaxy M12 (White,4GB RAM, 64GB Storage) 6000 mAh with 8nm Processor | True 48 MP Quad Camera | 90Hz Refresh Rate","10,499"
"Samsung Galaxy M33 5G (Deep Ocean Blue, 8GB, 128GB Storage) | Travel Adapter to be Purchased Separately","19,499"
"Samsung Galaxy M12 (Blue,6GB RAM, 128GB Storage) 6 Months Free Screen Replacement for Prime","12,499"
"realme narzo 50i (Carbon Black, 2GB RAM+32GB Storage) - with No Cost EMI/Additional Exchange Offers","7,499"
"Samsung Galaxy M33 5G (Mystique Green, 8GB, 128GB Storage) | Travel Adapter to be Purchased Separately","19,499"
Redmi 10 Prime (Phantom Black 4GB RAM 64GB | Helio G88 with extendable RAM Upto 2GB | FHD+ 90Hz Adaptive Sync Display),"12,499"
"Samsung Galaxy M32 (Light Blue, 4GB RAM, 64GB Storage) 6 Months Free Screen Replacement for Prime","14,999"
"Samsung Galaxy M12 (Black,6GB RAM, 128GB Storage) 6 Months Free Screen Replacement for Prime","12,499"
"OPPO A76 (Glowing Blue, 6GB RAM, 128 Storage) with No Cost EMI/Additional Exchange Offers","17,499"
"I KALL Z4 Smartphone (5.5 Inch, 4GB, 32GB) (4G Volte, Grey)","5,399"
"Lava Z3 Striped Blue (3GB RAM, 32GB Storage)","17,999"
"I KALL Z4 Smartphone (5.5 Inch, 4GB, 32GB) (4G Volte, Blue)","19,499"
"OPPO F19 (Midnight Blue, 6GB RAM, 128GB Storage) 48MP Triple Camera | AMOLED FHD+ Display | 5000 mAh Battery","7,499"
"Redmi 9 Activ (Carbon Black, 6GB RAM, 128GB Storage)","5,399"
"Samsung Galaxy A13 Blue, 6GB RAM, 128GB Storage with No Cost EMI/Additional Exchange Offers, (SM-A135FLBJINS)","19,990"
"Samsung Galaxy M32 (Light Blue, 6GB RAM, 128GB Storage) 6 Months Free Screen Replacement for Prime","11,499"
"Redmi 9 Activ (Metallic Purple, 4GB RAM, 64GB Storage)","17,499"
"JioFi Jio Phone Next 32 GB ROM, 2 GB RAM, Blue, Smartphone","16,999"
Redmi 10 Prime (Astral White 6GB RAM 128GB ROM |Helio G88 with extendable RAM Upto 2GB |FHD+ 90Hz Adaptive Sync Display),"9,499"
"Redmi Note 10T 5G (Graphite Black, 6GB RAM, 128GB Storage) | Dual5G | 90Hz Adaptive Refresh Rate | MediaTek Dimensity 700 7nm Processor | 22.5W Charger Included","5,590"
"Redmi Note 11 (Starburst White, 6GB RAM, 128GB Storage)|90Hz FHD+ AMOLED Display | Qualcomm® Snapdragon™ 680-6nm | Alexa Built-in | 33W Charger Included","14,499"
"Oppo A54 (Starry Blue, 4GB RAM, 64GB Storage) with No Cost EMI & Additional Exchange Offers","15,999"
"realme narzo 50 (Speed Black, 6GB RAM+128GB Storage) Helio G96 Processor | 50MP AI Triple Camera | 120Hz Ultra Smooth Display","15,999"
"Tecno Spark 8 Pro (Interstellar Black,7GB Expandable RAM, 64GB Storage) 33W Fast Charger | Helio G85 Gaming Processor | 6.8"" FHD+Dot-in Display | 48MP Triple Camera","12,490"
"Redmi 9A Sport (Coral Green, 2GB RAM, 32GB Storage) | 2GHz Octa-core Helio G25 Processor | 5000 mAh Battery","15,499"
"iQOO Z6 5G (Dynamo Black, 8GB RAM, 128GB Storage) | Snapdragon® 695 5G | 120Hz FHD+ Display | 5000mAh Battery | No Cost EMI Upto 9 Months","10,999"
"Redmi 9A Sport (Carbon Black, 2GB RAM, 32GB Storage) | 2GHz Octa-core Helio G25 Processor | 5000 mAh Battery","6,999"
"Redmi 9A Sport (Metallic Blue, 2GB RAM, 32GB Storage) | 2GHz Octa-core Helio G25 Processor | 5000 mAh Battery","17,999"
"Redmi Note 11 (Horizon Blue, 6GB RAM, 128GB Storage)|90Hz FHD+ AMOLED Display | Qualcomm® Snapdragon™ 680-6nm | Alexa Built-in | 33W Charger Included","6,999"
"Redmi Note 11 (Space Black, 6GB RAM, 64GB Storage) | 90Hz FHD+ AMOLED Display | Qualcomm® Snapdragon™ 680-6nm | Alexa Built-in | 33W Charger Included","13,999"
"Samsung Galaxy M32 (Black, 6GB RAM, 128GB Storage) 6 Months Free Screen Replacement for Prime","16,999"
"Vivo Y33T (Mid Day Dream, 8GB RAM, 128GB ROM) with No Cost EMI/Additional Exchange Offers","17,990"
"Redmi Note 10T 5G (Metallic Blue, 4GB RAM, 64GB Storage) | Dual 5G | 90Hz Adaptive Refresh Rate | MediaTek Dimensity 700 7nm Processor | 22.5W Charger Included","13,999"
"Redmi Note 11 Pro (Star Blue, 8GB RAM, 128GB Storage) | 67W Turbo Charge | 120Hz Super AMOLED Display | Charger Included","19,999"
"(Renewed) OPPO A76 (Glowing Blue, 6GB RAM, 128 Storage) with No Cost EMI/Additional Exchange Offers","14,874"
"Tecno Spark 8C Iris Purple (3GB+64GB) | Upto 6GB RAM |90Hz Refresh Rate |6.6"" HD+ Display | 5000mAh |13MP Dual Camera| IPX2","8,099"
"Redmi Note 10S (Frost White, 6GB RAM, 128GB) - Super Amoled Display | 33W Charger Included","15,499"
"Vivo Y21 (Diamond Glow, 4GB RAM, 64GB Storage) with No Cost EMI/Additional Exchange Offers","13,990"
"Redmi 9 (Sporty Orange, 4GB RAM, 64GB Storage) | 2.3GHz Mediatek Helio G35 Octa core Processor","9,499"
"Oppo A55 (Starry Black, 4GB RAM, 64GB Storage) Without Offers","15,489"
"Tecno Spark 8C Turquoise Cyan (3GB+64GB) | Upto 6GB RAM |90Hz Refresh Rate |6.6"" HD+ Display | 5000mAh |13MP Dual Camera| IPX2 Splash Resistant","8,099"
"Samsung Galaxy A23 Black, 6GB RAM, 128GB Storage with No Cost EMI/Additional Exchange Offers","19,499"
"iQOO Z6 5G (Chromatic Blue, 8GB RAM, 128GB Storage) | Snapdragon® 695 5G | 120Hz FHD+ Display | 5000mAh Battery | No Cost EMI Upto 9 Months","17,999"
"itel Vision 1 Pro (Ocean Blue, 2GB RAM, 32 GB Storage, 6.52'' HD+ IPS Waterdrop Display)","7,099"
"Redmi Note 11S (Space Black, 8GB RAM, 128GB Storage)|108MP AI Quad Camera | 90 Hz FHD+ AMOLED Display | 33W Charger Included","18,499"
"Redmi Note 11 (Horizon Blue, 4GB RAM, 64GB Storage) | 90Hz FHD+ AMOLED Display | Qualcomm® Snapdragon™ 680-6nm | Alexa Built-in | 33W Charger Included","13,499"
Redmi Note 11T 5G (Aquamarine Blue 8GB RAM 128GB ROM) | Dimensity 810 5G | 33W Pro Fast Charging | Charger Included,"17,999"
"Panasonic Eluga I6 (Black, 2GB Ram, 16GB Storage)","19,499"
"Redmi Note 10S (Frost White, 6GB RAM, 64GB Storage) - Super Amoled Display | 64 MP Quad Camera | Alexa Built in | 33W Charger Included","18,999"
"I KALL Z5 Smartphone (5.5 Inch, 2GB, 16GB) (4G Volte) (Green)","5,499"
Redmi 10 Prime (Bifrost Blue 6GB RAM 128GB ROM |Helio G88 with extendable RAM Upto 2GB |FHD+ 90Hz Adaptive Sync Display),"13,999"
"I KALL Z3 Smartphone (6 Inch Display, 4GB, 32GB) (4G Volte) | Purple","4,899"
"realme narzo 50 (Speed Blue, 6GB RAM+128GB Storage) Helio G96 Processor | 50MP AI Triple Camera | 120Hz Ultra Smooth Display","14,499"
"OPPO A15s (Fancy White, 4GB, 128GB Storage) AI Triple Camera | 6.52"" HD+ Screen | 2.3GHz Mediatek Helio P35 Octa Core Processor","5,799"
"Redmi Note 11 (Horizon Blue, 6GB RAM, 64GB Storage)|90Hz FHD+ AMOLED Display | Qualcomm® Snapdragon™ 680-6nm | Alexa Built-in | 33W Charger Included","15,499"
"Samsung Galaxy M32 (Black, 4GB RAM, 64GB Storage) 6 Months Free Screen Replacement for Prime","10,990"
Lava Agni 5G |64 MP AI Quad Camera| (8GB RAM/128 GB ROM)| 5000 mAh Battery| Superfast 30W Fast Charging| 6.78 inch Big Screen (Fiery Blue),"13,999"
"itel Vision2 (Gradation Green, 6.6'' HD+ IPS Dot-in Display, 2GB RAM, 32 GB Storage, 13MP Triple Camera), (Model: L6503)","14,999"
NOKIA C20+ TA-1366 DS 2/32 BL (Ocean Blue),"17,990"
"iQOO Z6 5G (Chromatic Blue, 6GB RAM, 128GB Storage) | Snapdragon® 695 5G | 120Hz FHD+ Display | 5000mAh Battery | No Cost EMI Upto 9 Months","7,249"
"Lava X2 (2GB RAM, 32GB Storage) - Striped Cyan| Long Lasting 5000 mAh Battery| High Performance Octa Core Processor| Big 6.5 inch Display HD+IPS Notch Display","7,999"
"(Renewed) Oppo F19s 6/128 (Glowing Black, 6GB RAM/128GB Storage)","16,999"
"Nokia C01 Plus 4G, 5.45” HD+ Screen, Selfie Camera with Front Flash (Blue)","6,798"
"Nokia G20 Smartphone, Dual SIM 4G, 4GB RAM/64GB Storage, 48MP Quad Camera with 6.5” (16.51 cm) Screen | Silver, 4GB+64Gb","11,951"
"Vivo Y73 (Roman Black, 8GB RAM, 128GB Storage) with No Cost EMI/Additional Exchange Offers","19,990"
"realme narzo 50A (Oxygen Blue , 4GB RAM + 128 GB Storage) Helio G85 Processor | 50MP AI Triple Camera | 6000 mAh Battery","12,499"
"Tecno Spark 8T (Atlantic Blue,7GB Expandable RAM, 64GB Storage)| 50MP AI Camera | 6.6"" FHD+Display | 5000mAh","9,899"
"OPPO A96 (Sunset Blue, 8GB RAM, 128 Storage) with No Cost EMI/Additional Exchange Offers","19,999"
"realme 9i (Prism Black, 64 GB)  (4 GB RAM)","12,975"
Xifo LETV LE2 (3 GB 32 GB) 4G Volte Smartphone (Royal Gold),"5,990"
"iQOO Z6 5G (Chromatic Blue, 4GB RAM, 128GB Storage) | Snapdragon® 695 5G | 120Hz FHD+ Display | 5000mAh Battery | No Cost EMI Upto 9 Months","15,499"
"Samsung Galaxy M21 2021 Edition (Charcoal Black, 4GB RAM, 64GB Storage) | FHD+ sAMOLED | 6 Months Free Screen Replacement for Prime (SM-M215GZKDINS)","12,999"
"Micromax X512 Anniversary Edition 1750 mAh, Torch Blink on Call, Auto Call Recording Phone (Blue)","1,112"
"Samsung Galaxy M33 5G (Mystique Green, 6GB, 128GB Storage) | Travel Adapter to be Purchased Separately","17,999"
"Redmi Note 11 (Space Black, 4GB RAM, 64GB Storage)|90Hz FHD+ AMOLED Display | Qualcomm® Snapdragon™ 680-6nm | Alexa Built-in | 33W Charger Included","13,499"
"Lava X2 (2GB RAM, 32GB Storage) - Striped Blue| Long Lasting 5000 mAh Battery| High Performance Octa Core Processor| Big 6.5 inch Display HD+IPS Notch Display","6,798"
"Vivo Y33T (Mirror Black, 8GB RAM, 128GB ROM) with No Cost EMI/Additional Exchange Offers","17,990"
"I KALL Z4 Smartphone (5.5 Inch, 4GB, 32GB) | Android 8.1 | Grey","5,399"
Maplin M5 Pro (3GB / 64 GB) with 6.52 Inch Touchscreen and 5000 mAh Smartphone (Coral Blue),"6,990"
"Redmi Note 11 (Starburst White, 6GB RAM, 64GB Storage)|90Hz FHD+ AMOLED Display | Qualcomm® Snapdragon™ 680-6nm | Alexa Built-in | 33W Charger Included","13,999"
"Redmi Note 10S (Deep Sea Blue, 6GB RAM, 128GB Storage) - Super Amoled Display | 64 MP Quad Camera | 33W Charger Included","17,999"
"I KALL K280 Smartphone (6.26 Inch, 3GB, 32GB) (Grey)","19,499"
BlackBerry Research in motion Bold 3 9780 Phone with 5MP Primary Camera (Black),"15,499"
"OPPO A55 (Starry Black, 6GB RAM, 128GB Storage) with No Cost EMI/Additional Exchange Offers","5,699"
"OPPO F19 (Prism Black, 6GB RAM, 128GB Storage) 48MP Triple Camera | AMOLED FHD+ Display | 5000 mAh Battery","7,099"
"OPPO A16k (Blue, 3GB RAM, 32GB Storage) with No Cost EMI/Additional Exchange Offers","17,490"
"realme narzo 50A (Oxygen Blue , 4GB RAM + 64 GB Storage) Helio G85 Processor | 50MP AI Triple Camera | 6000 mAh Battery","19,990"
"Lava Z21 (2GB RAM, 32GB ROM)-Cyan| Octa Core Processor| Stock Android 11| Powerful 3100 mAh Battery","9,990"
"Redmi Note 10T 5G (Chromium White, 6GB RAM, 128GB Storage) | Dual5G | 90Hz Adaptive Refresh Rate | MediaTek Dimensity 700 7nm Processor | 22.5W Charger Included","11,499"
"realme narzo 50 (Speed Blue, 4GB RAM+64GB Storage) Helio G96 Processor | 50MP AI Triple Camera | 120Hz Ultra Smooth Display","5,299"
"realme narzo 30 5G (Racing Silver, 6GB RAM, 128GB Storage) with No Cost EMI/Additional Exchange Offers","15,999"
itel A23 Pro_Open Version (5'' FWVGA Bright Display | 8GB+1GB Memory | Smart Face Unlock | 2400mAh Battery | 2MP Rear Camera | Selfie Camera)_Sapphire Blue,"12,999"
"Nokia C01 Plus 4G, 5.45” HD+ Screen, Selfie Camera with Front Flash | 32GB Storage (Grey)","16,999"
Micromax X749 Silver Phone,"3,999"
"Vivo Y73 (Diamond Flare, 8GB RAM, 128GB Storage) with No Cost EMI/Additional Exchange Offers","6,798"
"I KALL Z8 Smartphone (5.5 Inch) (3GB, 16GB) | Cyan","19,989"
"Redmi Note 11 (Space Black, 4GB RAM, 64GB Storage)|90Hz FHD+ AMOLED Display | Qualcomm® Snapdragon™ 680-6nm | Alexa Built-in | 33W Charger Included","4,899"
"Samsung Galaxy M02s (Black,4GB RAM, 64GB Storage) | 5000 mAh | Triple Camera","11,300"
"Redmi Note 10S (Deep Sea Blue, 6GB RAM, 64GB Storage) -Super Amoled Display | 33W Charger Included","13,999"
"Redmi Note 11S (Polar White, 8GB RAM, 128GB Storage)|108MP AI Quad Camera | 90 Hz FHD+ AMOLED Display | 33W Charger Included","18,499"
"(Renewed) Realme 7i (Fusion Green, 4GB RAM, 128GB Storage)","14,999"
"Micromax X741 (Black, Ultra Bright LED Light, 1750mAh)","9,989"
Maplin MAP.-2 Pro (6 GB / 128 GB) with 6.26 Inch Touchscreen and 5000 mAh Smartphone (Royal Silver),"15,999"
Redmi Note 11T 5G (Matte Black 6GB RAM 64GB ROM) | Dimensity 810 5G | 33W Pro Fast Charging | Charger Included,"17,499"
"Redmi Note 11S (Space Black, 6GB RAM, 128GB Storage)|108MP AI Quad Camera | 90 Hz FHD+ AMOLED Display | 33W Charger Included","17,150"
"OPPO A53s 5G (Ink Black, 8GB RAM, 128GB Storage)","13,999"
"Tecno Camon 17 (Frost Silver, 6GB RAM, 128GB Storage)| 64MP Quad Camera | Professional Video| 17.27 cm (6.8"") FHD","7,499"
"Lava Z3 Striped Blue (3GB RAM, 32GB Storage)","10,490"
Vivo Y15s Wave Green (3GB RAM & 32GB ROM) with No Cost EMI/Additional Exchange Offers,"3,988"
Xifo Ismart Reno4 (2 GB 16 GB) 5.0 inch Touchscreen Smartphone (Shiny Black),"4,999"
"Xifo Ismart Giant 6.53"" Full Display (3 GB 32 GB) 4G Volte Smartphone (Space White)","1,149"
"OPPO A53s 5G (Crystal Blue, 8GB RAM, 128GB Storage)","13,499"
"Redmi Note 11 (Horizon Blue, 4GB RAM, 64GB Storage) | 90Hz FHD+ AMOLED Display | Qualcomm® Snapdragon™ 680-6nm | Alexa Built-in | 33W Charger Included","13,499"
"KECHAODA K66 The Music House 4, Dual Sim (Power Silver)","1,149"
"Oppo A16 (Royal Gold, 4GB RAM, 64GB Storage) with No Cost EMI/Additional Exchange Offers, Large","13,490"
itel A23 Pro_Open Version (5'' FWVGA Bright Display | 8GB+1GB Memory | Smart Face Unlock | 2400mAh Battery | 2MP Rear Camera | Selfie Camera)_Lake Blue,"3,885"
"itel it5626 (7.1cm, 2500mAh, Black)","1,749"
"realme narzo 50A (Oxygen Green , 4GB RAM + 128 GB Storage) Helio G85 Processor | 50MP AI Triple Camera | 6000 mAh Battery","12,499"
"Kechaoda Model K06 Mini 1.54 inch Colour Display Feature Phone with Camera (Dual Sim, Blue Green Colour)","1,120"
"OPPO A16e (Blue, 3GB RAM, 32GB Storage) with No Cost EMI/Additional Exchange Offers","9,990"
"Lava Z21 (2GB RAM, 32GB ROM)-Blue| Octa Core Processor| Stock Android 11| Powerful 3100 mAh Battery","5,299"
"Redmi Note 10S (Cosmic Purple, 8GB RAM,128 GB Storage) - Super Amoled Display | 64 MP Quad Camera | Alexa Built in | 33W Charger Included","16,499"
"Samsung Galaxy A13 Black, 4GB RAM, 64GB Storage with No Cost EMI/Additional Exchange Offers, (SM-A135FZKGINS)","14,999"
"iQOO Z6 5G (Dynamo Black, 6GB RAM, 128GB Storage) | Snapdragon® 695 5G | 120Hz FHD+ Display | 5000mAh Battery | No Cost EMI Upto 9 Months","16,999"
"KECHAODA K10 Finger Bluetooth Phone, Single SIM, 1.68cm (0.66 inch) Display, 300mAh Battery, DAILER, Wireless FM, BIS Certified (Black), Mini","1,138"
"I KALL Z1 Smartphone (5.5 Inch, 4GB, 32GB) (Grey)","5,399"
"Tecno Pop 5 LTE(Ice Blue 2G+32GB)| 6.52"" HD+Dot Notch | 5000mAh | 8MP Dual Camera | Front Flash| IPX2 Splash Resistant","6,899"
"OPPO A15s (Dynamic Black, 4GB, 128GB Storage) AI Triple Camera | 6.52"" HD+ Screen | 2.3GHz Mediatek Helio P35 Octa Core Processor","10,990"
"OPPO A54 (Crystal Black, 4GB RAM, 64GB Storage) with No Cost EMI & Additional Exchange Offers","12,490"
"Redmi 9A Sport (Coral Green, 3GB RAM, 32GB Storage) | 2GHz Octa-core Helio G25 Processor | 5000 mAh Battery","7,999"
5s Silver Compatible with iPhone with 8 MP Camera (16GB Internal Memory),"14,299"
Redmi Note 11T 5G (Matte Black 8GB RAM 128GB ROM) | Dimensity 810 5G | 33W Pro Fast Charging | Charger Included,"18,999"
"OPPO F19s (Glowing Gold, 6GB RAM, 128 Storage) with No Cost EMI/Additional Exchange Offers","19,990"
"(Renewed) Vivo Y33s (Mirror Black, 8GB RAM, 128GB Storage) Without Offers","1,063"
"KECHAODA SM Company K33 Bluetooth Dialer with Camera and Dual Sim,Slim Card Size and Light Weight and Stylish Mobile Phone(Black)","8,099"
"Tecno Spark 8C Diamond Grey (3GB+64GB) | Upto 6GB RAM |90Hz Refresh Rate |6.6"" HD+ Display | 5000mAh |13MP Dual Camera| IPX2","10,949"
"Realme C25Y (Glacier Blue, 4GB RAM, 64GB Storage)","10,368"
"Samsung Galaxy F12 (Sea Green, 4GB RAM, 64GB Storage)","6,899"
"Tecno Pop 5 LTE(Deepsea Luster 2G+32GB)| 6.52"" HD+Dot Notch | 5000mAh | 8MP Dual Camera | Front Flash| IPX2 Splash Resistant","9,990"
"Poco M3 Pro 5G (Cool Blue, 4GB RAM, 64GB Storage)","17,499"
"Oppo A16k (White, 3GB RAM, 32GB Storage) with No Cost EMI/Additional Exchange Offers","11,725"
"Redmi Note 11S (Polar White, 6GB RAM, 128GB Storage)|108MP AI Quad Camera | 90 Hz FHD+ AMOLED Display | 33W Charger Included","11,990"
"Realme C25Y (Metal Grey, 4GB RAM, 128GB Storage)","17,999"
"Do Mobile S2 Dual Sim, Volte, Android, 4G Smartphone - Iron Ash,(Reliance Jio 4G Sim Support)","2,999"
"Samsung Galaxy F12 (Celestial Black, 4GB RAM, 64GB Storage)","10,500"
"I KALL Z4 Smartphone (5.5 Inch, 4GB, 32GB) (4G Volte, Grey)","5,399"
"Redmi Note 11 (Horizon Blue, 6GB RAM, 64GB Storage)|90Hz FHD+ AMOLED Display | Qualcomm® Snapdragon™ 680-6nm | Alexa Built-in | 33W Charger Included","13,999"
"Lava Z3 Striped Cyan(3GB RAM, 32GB Storage)","7,499"
"Redmi Note 10S (Frost White, 8GB RAM,128 GB Storage) - Super Amoled Display | 64 MP Quad Camera | Alexa Built in | 33W Charger Included","16,499"
"(Renewed) iQOO Z5 5G (Mystic Space, 8GB RAM, 128GB Storage)","19,699"
"KECHAODA K108 Dual Sim, Green","1,687"
"(Renewed) Vivo V19 Mystic Silver, 8GB RAM, 128GB Storage","18,249"
Oppo F19s (Gold) | 6GB RAM + 128GB ROM | 48MP+2MP+2MP Primary Camera | 16MP Selfie Camera | 5000 mah Battery | 6.43' inch Display,"18,980"
"itel A48 (Gradation Green, 2GB RAM, 32GB Storage)","5,963"
Xifo Ismart Reno4 (2 GB 16 GB) 5.0 inch Touchscreen Smartphone (Shiny Gold),"3,988"
Research in motion-BB BlackBerry Classic with 8MP Primary Camera -Black,"16,500"
"I KALL K280 Smartphone (6.26 Inch, 3GB, 32GB) (Black)","5,699"
(Renewed) NOKIA 105 TA-1174 DS in Black,"1,230"
"Samsung Galaxy A22 5G (Gray, 6GB RAM, 128GB Storage) with No Cost EMI/Additional Exchange Offers","18,999"
"Oppo A16k (Black, 3GB RAM, 32GB Storage) with No Cost EMI/Additional Exchange Offers","1,799"
"I KALL Z1 Smartphone (5.5 Inch, 4GB, 32GB) (Blue)",999
"KECHAODA K108 Dual Sim, Black","1,299"
"(Renewed) Nokia C01 Plus 4G, Android 11 (Go Edition), 5.45” HD+ Screen, Dual SIM, 2GB RAM/16GB Storage | Grey","9,990"
"I KALL Z7 Smartphone (4GB, 32GB) (Blue)","5,399"
"realme narzo 50i (Mint Green, 4GB RAM+64GB Storage) - with No Cost EMI/Additional Exchange Offers","1,734"
"Tecno Spark 8 Pro (Turquoise Cyan, 7GB Expandable RAM 64GB Storage) 33W Fast Charger | Helio G85 Gaming Processor | 6.8"" FHD+Dot-in Display | 48MP Triple Camera","6,399"
I KALL Z8 Blue Smartphone with 4G Volte |3GB | 16GB| WiFi+Dual Sim+4G,"8,999"
"Samsung Galaxy A13 Blue, 4GB RAM, 64GB Storage with No Cost EMI/Additional Exchange Offers","10,999"
"OPPO A96 (Starry Black, 8GB RAM, 128 Storage) with No Cost EMI/Additional Exchange Offers","4,999"
"I KALL Z4 Smartphone (5.5 Inch, 4GB, 32GB) (4G Volte, Blue)","14,999"
"Samsung Galaxy F12 (Sky Blue, 128 GB) (4 GB RAM) Without Offer","19,999"
(Renewed) Realme 7 Pro (Sun Kissed Leather) (8+128GB),"5,399"
"Redmi Note 11S (Horizon Blue, 6GB RAM, 64GB Storage)|108MP AI Quad Camera | 90 Hz FHD+ AMOLED Display | 33W Charger Included","12,499"
"Realme C20 (Cool Blue, 2GB RAM, 32GB Storage)","18,999"
"Oppo A16k (Midnight Black, 4GB RAM, 64GB Storage) with No Cost EMI/Additional Exchange Offers","16,499"
"Nokia C01 Plus 4G, 5.45” HD+ Screen, Selfie Camera with Front Flash (Grey)","6,298"
"realme C21Y (Cross Black, 3GB RAM, 32GB Storage), Medium","8,739"
"Tecno Spark 7 (Morpheus Blue, 2GB RAM, 32 GB Storage) - 6000mAh Battery|16 MP Dual Camera| 6.52” Dot Notch Display| Octa Core Processor","7,699"
"OPPO A16e (Midnight Black, 3GB RAM, 32GB Storage) with No Cost EMI/Additional Exchange Offers","9,990"
"I KALL Z1 Smartphone (4GB, 32GB) | 5.5 Inch Display | Grey","5,399"
"OPPO A16e (White, 3GB RAM, 32GB Storage) with No Cost EMI/Additional Exchange Offers","9,990"
"Vivo Y21T (Midnight Blue, 4GB RAM, 128GB ROM) with No Cost EMI/Additional Exchange Offers","16,490"
"Redmi Note 11 (Starburst White, 4GB RAM, 64GB Storage) | 90Hz FHD+ AMOLED Display | Qualcomm® Snapdragon™ 680-6nm | Alexa Built-in | 33W Charger Included","13,499"
"itel it5626 (7.1cm, 2500mAh, Dark Green)","1,849"
Micromax X412 (Black + Red),935
"India Gadgets - M7 Basic Simple Dual Sim Android Smartphone: 2.4 Inch QVGA Touchscreen Display: Biggest Phone Speaker 3.5W: 2500mAh Removable Battery: IP68 Waterproof, Rugged, Shockproof (Black)","13,500"
"Tecno Spark 7 Pro (Alps Blue, 6GB RAM 64GB Storage)","11,999"
"I KALL Z8 Smartphone (5.5 Inch) (3GB, 16GB) | Grey","4,899"
"Redmi Note 10 Pro (Vintage Bronze, 6GB RAM, 128GB Storage) -120Hz Super Amoled Display | 64MP Camera with 5MP Super Tele-Macro | 33W Charger Included","16,999"
KECHAODA K-55 Plus Silver Mobile Phone with Dual Sim Bluetooth conectivity with Any Smart Phone,"1,199"
"SHIVANSH YU Yureka 2 (Champagne/Gold, 64 GB) (4 GB RAM)","6,999"
"Redmi 9 Power (Blazing Blue, 6GB RAM, 128GB Storage) - 6000mAh Battery |FHD+ Screen | 48MP Quad Camera | Snapdragon 662 Processor | Alexa Hands-Free Capable","17,999"
"realme C25S (Watery Grey, 4GB RAM, 128GB Storage)","19,499"
"Tecno Spark 7 Pro (Alps Blue, 4GB RAM 64GB Storage)","11,990"
"Samsung Galaxy A03 Blue, 4GB RAM, 64GB Storage with No Cost EMI/Additional Exchange Offers","10,409"
"itel A48 (Gradation Purple, 2GB RAM, 32GB Storage)","11,999"
KECHAODA K115 Slim Card Size Dual Sim Phone with External Memory Slot and 3.66cm (1.44-inch) Display(Gold),"5,945"
"IKALL Z7 Smartphone (6.26 Inch, 4GB, 32GB), Grey | 13MP Camera | Android 10","1,120"
"Tecno Spark 8T (Turquoise Cyan,7GB Expandable RAM, 64GB Storage)| 50MP AI Camera | 6.6"" FHD+Display | 5000mAh","6,399"
(Renewed) Lava A5 (Dimond Blue),"9,899"
"Micromax X809 (Blue, Anti Theft, 1000mAh)","1,176"
Maplin MAP.2 Pro (6 GB / 128 GB) with 6.26 Inch Touchscreen and 5000 mAh Smartphone (Royal Gold),"1,349"
"Nokia G10, 6.5"" HD+ Screen, 5050 mAh Battery, Triple Camera, 4 + 64GB Memory (Dark Blue)","9,990"
"realme narzo 50A (Oxygen Green , 4GB RAM + 64 GB Storage) Helio G85 Processor | 50MP AI Triple Camera | 6000 mAh Battery","12,149"
"Tecno POVA Neo (Obsidian Black, 6GB RAM, 128GB Storage) | 6000mAh Battery |6.82'' (17.32 cm) HD+Display | DTS Sound","11,499"
"OPPO A76 (Glowing Black, 6GB RAM, 128 Storage) with No Cost EMI/Additional Exchange Offers","12,999"
"Samsung Galaxy M21 2021 Edition (Arctic Blue, 4GB RAM, 64GB Storage) | FHD+ sAMOLED | 6 Months Free Screen Replacement for Prime (SM-M215GLBDINS)","17,499"
